Workbook

Sheet Как пользоваться
A1: MATRЁSHKA · Аналитика рынка бытовой химии
A2: Шаблон-дашборд. Обновлять раз в месяц. Источник цен — выгрузка скриптом / кабинет селлера / ручная сверка.
A4: 1. Цены конкурентов | B4: Вставляйте сюда позиции конкурентов и свои. ₽/литр и ₽/стирка считаются сами. Заполняйте «Категория», «Формат», «Запах», «Эко» — по ним строится сводка.
A5: 2. Спрос (ключи) | B5: Список поисковых запросов. Частотность брать из Яндекс.Wordstat (wordstat.yandex.ru), динамику — из Google Trends. Это термометр спроса по форматам/запахам/эко.
A6: 3. Запахи (отзывы) | B6: Трекер ароматов: сколько раз хвалят/ругают каждый запах в отзывах. «Индекс симпатии» считается сам. Питает ТЗ на отдушки и нейминг.
A7: 4. Сводка — разрывы | B7: Главный лист. Спрос × число конкурентов × средняя цена → ищем ниши: высокий спрос + мало предложений + запас по цене. Score и зазор считаются формулами.
A8: 5. Тренды — бриф | B8: Краткая выжимка из отраслевых источников (2025–2026) со ссылками. Обновлять по мере выхода новых обзоров.
A9: Откуда брать данные | B9: WB — открытый JSON-API (скрипт wb_scraper.py, запускать со своего IP). Ozon/Я.Маркет/Мегамаркет — кабинет селлера или платный сервис (MPSTATS, Moneyplace, MarketGuru). Офлайн — фотофиксация полки.

Sheet Цены конкурентов
A1: Площадка | B1: Категория | C1: Бренд | D1: Наименование (SKU) | E1: Объём, л | F1: Кол-во стирок/порций | G1: Цена, ₽ | H1: ₽/литр | I1: ₽/стирка | J1: Рейтинг | K1: Отзывов | L1: Запах/аромат | M1: Формат | N1: Эко (да/нет) | O1: Ссылка | P1: Дата сбора
A2: WB | B2: Стирка | C2: MATRЁSHKA | D2: Гель для стирки Колор 1.3 л | E2: 1.3 | F2: 32 | G2: 349 | H2: =IF(OR(E2="",G2=""),"",ROUND(G2/E2,1)) | I2: =IF(OR(F2="",G2=""),"",ROUND(G2/F2,2)) | J2: 4.8 | K2: 210 | L2: без запаха | M2: гель | N2: да | P2: 2026-05-25
A3: WB | B3: Стирка | C3: Конкурент-Х | D3: Гель для стирки 2 л | E3: 2 | F3: 40 | G3: 540 | H3: =IF(OR(E3="",G3=""),"",ROUND(G3/E3,1)) | I3: =IF(OR(F3="",G3=""),"",ROUND(G3/F3,2)) | J3: 4.7 | K3: 1500 | L3: лаванда | M3: гель | N3: нет | P3: 2026-05-25
A4: Ozon | B4: Посуда | C4: MATRЁSHKA | D4: Средство для мытья посуды 0.5 л | E4: 0.5 | G4: 129 | H4: =IF(OR(E4="",G4=""),"",ROUND(G4/E4,1)) | I4: =IF(OR(F4="",G4=""),"",ROUND(G4/F4,2)) | J4: 4.6 | K4: 80 | L4: лимон | M4: гель | N4: да | P4: 2026-05-25
H5: =IF(OR(E5="",G5=""),"",ROUND(G5/E5,1)) | I5: =IF(OR(F5="",G5=""),"",ROUND(G5/F5,2))
H6: =IF(OR(E6="",G6=""),"",ROUND(G6/E6,1)) | I6: =IF(OR(F6="",G6=""),"",ROUND(G6/F6,2))
H7: =IF(OR(E7="",G7=""),"",ROUND(G7/E7,1)) | I7: =IF(OR(F7="",G7=""),"",ROUND(G7/F7,2))
H8: =IF(OR(E8="",G8=""),"",ROUND(G8/E8,1)) | I8: =IF(OR(F8="",G8=""),"",ROUND(G8/F8,2))
H9: =IF(OR(E9="",G9=""),"",ROUND(G9/E9,1)) | I9: =IF(OR(F9="",G9=""),"",ROUND(G9/F9,2))
H10: =IF(OR(E10="",G10=""),"",ROUND(G10/E10,1)) | I10: =IF(OR(F10="",G10=""),"",ROUND(G10/F10,2))
H11: =IF(OR(E11="",G11=""),"",ROUND(G11/E11,1)) | I11: =IF(OR(F11="",G11=""),"",ROUND(G11/F11,2))
H12: =IF(OR(E12="",G12=""),"",ROUND(G12/E12,1)) | I12: =IF(OR(F12="",G12=""),"",ROUND(G12/F12,2))
H13: =IF(OR(E13="",G13=""),"",ROUND(G13/E13,1)) | I13: =IF(OR(F13="",G13=""),"",ROUND(G13/F13,2))
H14: =IF(OR(E14="",G14=""),"",ROUND(G14/E14,1)) | I14: =IF(OR(F14="",G14=""),"",ROUND(G14/F14,2))
H15: =IF(OR(E15="",G15=""),"",ROUND(G15/E15,1)) | I15: =IF(OR(F15="",G15=""),"",ROUND(G15/F15,2))
H16: =IF(OR(E16="",G16=""),"",ROUND(G16/E16,1)) | I16: =IF(OR(F16="",G16=""),"",ROUND(G16/F16,2))
... H251: =IF(OR(E251="",G251=""),"",ROUND(G251/E251,1)) | I251: =IF(OR(F251="",G251=""),"",ROUND(G251/F251,2))
A253: ↑ строки 2–4 — примеры (подсветка). Удалите/замените их своими данными.

Sheet Спрос (ключи)
A1: Поисковый запрос | B1: Частотность Wordstat (мес.) | C1: Google Trends (0–100) | D1: Категория | E1: Тип запроса | F1: Дата
A2: гель для стирки | D2: Стирка | E2: формат
A3: капсулы для стирки | D3: Стирка | E3: формат
A4: порошок стиральный | D4: Стирка | E4: формат
A5: гель для стирки концентрат | D5: Стирка | E5: формат
A6: капсулы для стирки 3 в 1 | D6: Стирка | E6: формат
A7: экологичный гель для стирки | D7: Стирка | E7: эко
A8: эко средство для мытья посуды | D8: Посуда | E8: эко
A9: гипоаллергенное средство для стирки | D9: Стирка | E9: эко
A10: биоразлагаемая бытовая химия | D10: Общее | E10: эко
A11: средство для стирки без фосфатов | D11: Стирка | E11: эко
A12: натуральное средство для уборки | D12: Чистящие | E12: эко
A13: средство для стирки для новорожденных | D13: Стирка | E13: эко
... A39: чистая линия эко | D39: Бренд | E39: бренд

Sheet Запахи (отзывы)
A1: Аромат | B1: Категория | C1: Упоминаний «+» | D1: Упоминаний «−» | E1: Индекс симпатии | F1: Топ-похвала | G1: Топ-жалоба | H1: Источник
A2: Лаванда | E2: =IF((C2+D2)=0,"",ROUND(C2/(C2+D2),2))
A3: Цитрус / лимон | E3: =IF((C3+D3)=0,"",ROUND(C3/(C3+D3),2))
A4: Эвкалипт | E4: =IF((C4+D4)=0,"",ROUND(C4/(C4+D4),2))
A5: Морская свежесть | E5: =IF((C5+D5)=0,"",ROUND(C5/(C5+D5),2))
A6: Без запаха | E6: =IF((C6+D6)=0,"",ROUND(C6/(C6+D6),2))
A7: Хвоя / пихта | E7: =IF((C7+D7)=0,"",ROUND(C7/(C7+D7),2))
A8: Ваниль / гурманский | E8: =IF((C8+D8)=0,"",ROUND(C8/(C8+D8),2))
A9: Цветочный (флёрдоранж) | E9: =IF((C9+D9)=0,"",ROUND(C9/(C9+D9),2))
A10: Алоэ | E10: =IF((C10+D10)=0,"",ROUND(C10/(C10+D10),2))
A11: Мускус / парфюм | E11: =IF((C11+D11)=0,"",ROUND(C11/(C11+D11),2))
A12: Свежий хлопок | E12: =IF((C12+D12)=0,"",ROUND(C12/(C12+D12),2))
A13: Мята | E13: =IF((C13+D13)=0,"",ROUND(C13/(C13+D13),2))

Sheet Сводка — разрывы
A1: Поиск ниш: высокий спрос × мало конкурентов × запас по цене
A3: Категория | B3: Формат | C3: Запах | D3: Спрос (Wordstat, ручн.) | E3: Конкурентов в кат. (авто) | F3: Сред. ₽/л у конкур. (авто) | G3: Наша ₽/л | H3: Score (спрос/конкур.) | I3: Зазор ₽/л (рынок−мы) | J3: Вывод / действие
A4: Стирка | B4: капсулы | C4: лаванда | E4: =IF(A4="","",COUNTIFS('Цены конкурентов'!$B:$B,A4)) | F4: =IFERROR(ROUND(AVERAGEIFS('Цены конкурентов'!$H:$H,'Цены конкурентов'!$B:$B,A4),1),"") | H4: =IF(OR(D4="",E4="",E4=0),"",ROUND(D4/E4,1)) | I4: =IF(OR(F4="",G4=""),"",ROUND(F4-G4,1))
A5: Стирка | B5: гель | C5: без запаха | E5: =IF(A5="","",COUNTIFS('Цены конкурентов'!$B:$B,A5)) | F5: =IFERROR(ROUND(AVERAGEIFS('Цены конкурентов'!$H:$H,'Цены конкурентов'!$B:$B,A5),1),"") | H5: =IF(OR(D5="",E5="",E5=0),"",ROUND(D5/E5,1)) | I5: =IF(OR(F5="",G5=""),"",ROUND(F5-G5,1))
A6: Посуда | B6: гель | C6: лимон | E6: =IF(A6="","",COUNTIFS('Цены конкурентов'!$B:$B,A6)) | F6: =IFERROR(ROUND(AVERAGEIFS('Цены конкурентов'!$H:$H,'Цены конкурентов'!$B:$B,A6),1),"") | H6: =IF(OR(D6="",E6="",E6=0),"",ROUND(D6/E6,1)) | I6: =IF(OR(F6="",G6=""),"",ROUND(F6-G6,1))
A7: Освежители | B7: спрей | C7: эвкалипт | E7: =IF(A7="","",COUNTIFS('Цены конкурентов'!$B:$B,A7)) | F7: =IFERROR(ROUND(AVERAGEIFS('Цены конкурентов'!$H:$H,'Цены конкурентов'!$B:$B,A7),1),"") | H7: =IF(OR(D7="",E7="",E7=0),"",ROUND(D7/E7,1)) | I7: =IF(OR(F7="",G7=""),"",ROUND(F7-G7,1))
E8: =IF(A8="","",COUNTIFS('Цены конкурентов'!$B:$B,A8)) | F8: =IFERROR(ROUND(AVERAGEIFS('Цены конкурентов'!$H:$H,'Цены конкурентов'!$B:$B,A8),1),"") | H8: =IF(OR(D8="",E8="",E8=0),"",ROUND(D8/E8,1)) | I8: =IF(OR(F8="",G8=""),"",ROUND(F8-G8,1))
E9: =IF(A9="","",COUNTIFS('Цены конкурентов'!$B:$B,A9)) | F9: =IFERROR(ROUND(AVERAGEIFS('Цены конкурентов'!$H:$H,'Цены конкурентов'!$B:$B,A9),1),"") | H9: =IF(OR(D9="",E9="",E9=0),"",ROUND(D9/E9,1)) | I9: =IF(OR(F9="",G9=""),"",ROUND(F9-G9,1))
E10: =IF(A10="","",COUNTIFS('Цены конкурентов'!$B:$B,A10)) | F10: =IFERROR(ROUND(AVERAGEIFS('Цены конкурентов'!$H:$H,'Цены конкурентов'!$B:$B,A10),1),"") | H10: =IF(OR(D10="",E10="",E10=0),"",ROUND(D10/E10,1)) | I10: =IF(OR(F10="",G10=""),"",ROUND(F10-G10,1))
E11: =IF(A11="","",COUNTIFS('Цены конкурентов'!$B:$B,A11)) | F11: =IFERROR(ROUND(AVERAGEIFS('Цены конкурентов'!$H:$H,'Цены конкурентов'!$B:$B,A11),1),"") | H11: =IF(OR(D11="",E11="",E11=0),"",ROUND(D11/E11,1)) | I11: =IF(OR(F11="",G11=""),"",ROUND(F11-G11,1))
E12: =IF(A12="","",COUNTIFS('Цены конкурентов'!$B:$B,A12)) | F12: =IFERROR(ROUND(AVERAGEIFS('Цены конкурентов'!$H:$H,'Цены конкурентов'!$B:$B,A12),1),"") | H12: =IF(OR(D12="",E12="",E12=0),"",ROUND(D12/E12,1)) | I12: =IF(OR(F12="",G12=""),"",ROUND(F12-G12,1))
E13: =IF(A13="","",COUNTIFS('Цены конкурентов'!$B:$B,A13)) | F13: =IFERROR(ROUND(AVERAGEIFS('Цены конкурентов'!$H:$H,'Цены конкурентов'!$B:$B,A13),1),"") | H13: =IF(OR(D13="",E13="",E13=0),"",ROUND(D13/E13,1)) | I13: =IF(OR(F13="",G13=""),"",ROUND(F13-G13,1))
E14: =IF(A14="","",COUNTIFS('Цены конкурентов'!$B:$B,A14)) | F14: =IFERROR(ROUND(AVERAGEIFS('Цены конкурентов'!$H:$H,'Цены конкурентов'!$B:$B,A14),1),"") | H14: =IF(OR(D14="",E14="",E14=0),"",ROUND(D14/E14,1)) | I14: =IF(OR(F14="",G14=""),"",ROUND(F14-G14,1))
E15: =IF(A15="","",COUNTIFS('Цены конкурентов'!$B:$B,A15)) | F15: =IFERROR(ROUND(AVERAGEIFS('Цены конкурентов'!$H:$H,'Цены конкурентов'!$B:$B,A15),1),"") | H15: =IF(OR(D15="",E15="",E15=0),"",ROUND(D15/E15,1)) | I15: =IF(OR(F15="",G15=""),"",ROUND(F15-G15,1))
E16: =IF(A16="","",COUNTIFS('Цены конкурентов'!$B:$B,A16)) | F16: =IFERROR(ROUND(AVERAGEIFS('Цены конкурентов'!$H:$H,'Цены конкурентов'!$B:$B,A16),1),"") | H16: =IF(OR(D16="",E16="",E16=0),"",ROUND(D16/E16,1)) | I16: =IF(OR(F16="",G16=""),"",ROUND(F16-G16,1))
E17: =IF(A17="","",COUNTIFS('Цены конкурентов'!$B:$B,A17)) | F17: =IFERROR(ROUND(AVERAGEIFS('Цены конкурентов'!$H:$H,'Цены конкурентов'!$B:$B,A17),1),"") | H17: =IF(OR(D17="",E17="",E17=0),"",ROUND(D17/E17,1)) | I17: =IF(OR(F17="",G17=""),"",ROUND(F17-G17,1))
E18: =IF(A18="","",COUNTIFS('Цены конкурентов'!$B:$B,A18)) | F18: =IFERROR(ROUND(AVERAGEIFS('Цены конкурентов'!$H:$H,'Цены конкурентов'!$B:$B,A18),1),"") | H18: =IF(OR(D18="",E18="",E18=0),"",ROUND(D18/E18,1)) | I18: =IF(OR(F18="",G18=""),"",ROUND(F18-G18,1))
E19: =IF(A19="","",COUNTIFS('Цены конкурентов'!$B:$B,A19)) | F19: =IFERROR(ROUND(AVERAGEIFS('Цены конкурентов'!$H:$H,'Цены конкурентов'!$B:$B,A19),1),"") | H19: =IF(OR(D19="",E19="",E19=0),"",ROUND(D19/E19,1)) | I19: =IF(OR(F19="",G19=""),"",ROUND(F19-G19,1))
... E43: =IF(A43="","",COUNTIFS('Цены конкурентов'!$B:$B,A43)) | F43: =IFERROR(ROUND(AVERAGEIFS('Цены конкурентов'!$H:$H,'Цены конкурентов'!$B:$B,A43),1),"") | H43: =IF(OR(D43="",E43="",E43=0),"",ROUND(D43/E43,1)) | I43: =IF(OR(F43="",G43=""),"",ROUND(F43-G43,1))
A45: Как читать: высокий Score = много спроса при малом числе конкурентов (хорошая ниша). Положительный «зазор ₽/л» = рынок дороже нас — есть запас поднять цену или зайти премиально. «Спрос» вставляйте вручную из листа «Спрос (ключи)».

Sheet Тренды — бриф
A1: Тренды рынка бытовой химии 2025–2026 (выжимка)
A3: Рост категории на МП | B3: WB: бытовая химия — заказы за год выросли ~2x (сент.24 ≈5.0 млн → сент.25 ≈10.7 млн). Число SKU 46→138 тыс., продавцов 4.6→10.3 тыс. → рынок растёт, но и конкуренция тоже.
A4: Самые быстрорастущие подкатегории | B4: Освежители/нейтрализаторы запахов +126%, чистящие +86%, средства для стирки +62%. Стирка — крупнейшая категория, далее посуда, кухня/сантехника.
A5: Онлайн обгоняет офлайн | B5: NielsenIQ: онлайн-продажи средств для стирки +96.8% за год, средств для уборки +65.8%. Канал маркетплейсов — приоритет.
A6: Эко и чистый состав | B6: Устойчивый тренд: спрос на биоразлагаемую, гипоаллергенную химию с безопасным составом, без фосфатов. Локальные и эко-бренды теснят международный премиум — это прямо ваша поляна.
A7: Импортозамещение | B7: Самообеспеченность РФ ~96%. Контрактное производство и СТМ растут — возможность для B2B/частных марок.
A8: Запахи: велнес-ароматы | B8: Лаванда, эвкалипт — «уборка как забота о себе». Лидеры рынка (Clorox/Lysol) запускают лавандовые линейки.
A9: Запахи: морские и природные | B9: Водные/морские «свежесть океана», травяные эфирные масла — заходят эко-аудитории (аутентичность, простота).
A10: Запахи: гурманские и премиум | B10: Ваниль, карамель, «сладкая выпечка» в чистящих; премиальные парфюмерные аккорды (флёрдоранж, мускус) — апселл.
A11: Запахи: технологии стойкости | B11: Микрокапсулы/инкапсуляция аромата (стойкость) — категория растёт ~16% CAGR. Заявка «долго пахнет» хорошо продаёт.
A12: Сегмент «без запаха» | B12: Стабильный спрос: для аллергиков, детского, чувствительной кожи. Держать отдельным SKU.
A13: Регуляторика 2025+ | B13: Поэтапная обязательная цифровая маркировка бытовой химии и парфюмерно-косметической продукции — учесть в себестоимости и логистике.
A15: Источники
A16: • ChemiCos — Рынок бытовой химии 2025–2026: chemicos.ru/ru/press/news/2025-2026
A17: • vc.ru — Российский рынок бытовой химии: тренды и рост до 2030
A18: • РБК Компании — FMCG на маркетплейсах: кто растёт быстрее в бытовой химии
A19: • GuruSeller — Wildberries и Ozon в 2025
A20: • NielsenIQ (через обзоры) — динамика онлайн-продаж стирки/уборки
A21: • Happi / Perfumer&Flavorist / Phoenix FF — home care fragrance trends 2025–2026
A22: • Personal Care Insights — global home care fragrance trends
